Rank,County,Total Budget (KSh)
1,Nairobi,44966936833
2,Nakuru,24544014263
3,Kiambu,23214856470
4,Kilifi,20003782741
5,Turkana,17225014127
6,Mombasa,17035944906
7,Machakos,16896450047
8,Kakamega,16786428004
9,Kitui,15667011553
10,Narok,14985206088
11,Uasin Gishu,14359673386
12,Kwale,14259168763
13,Bungoma,14232623280
14,Kisumu,13697865202
15,Kisii,13251121884
16,Mandera,13000831007
17,Migori,12576546230
18,Wajir,12140530041
19,Meru,11835953871
20,Kajiado,11591864106
21,Trans Nzoia,11270577202
22,Makueni,11182335100
23,Homa Bay,11167226300
24,Garissa,10532421124
25,Murang'a,10346366046
26,Busia,10203033153
27,Nandi,9850666465
28,Siaya,9761123388
29,Bomet,9591003564
30,Marsabit,9424650449
31,Baringo,8893005726
32,Tana River,8869497866
33,Nyandarua,8748151545
34,Kericho,8484768032
35,Nyamira,8197155052
36,Embu,7932599418
37,Laikipia,7726465272
38,West Pokot,7715474283
39,Samburu,7665941867
40,Kirinyaga,7240547406
41,Vihiga,6701592386
42,Elgeyo-Marakwet,6527819912
43,Tharaka-Nithi,6518796358
44,Isiolo,5718810379
45,Taita-Taveta,5232408363
46,Lamu,4541837952
